{"cameraMode":{"drawMode":0,"name":"Shaded","section":"Shading Mode"},"sceneLighting":false,"audioPlay":false,"sceneViewState":{"showFog":true,"showMaterialUpdate":false,"showSkybox":true,"showFlares":true,"showImageEffects":true,"showParticleSystems":true},"in2DMode":false,"pivot":{"x":0.590248167514801,"y":5.259644508361816,"z":37.46353530883789},"rotation":{"x":0.19468466937541963,"y":0.07377811521291733,"z":-0.014687598682940007,"w":0.9779769778251648},"size":11.689990043640137,"orthographic":false}