{"cameraMode":{"drawMode":0,"name":"Shaded","section":"Shading Mode"},"sceneLighting":true,"audioPlay":false,"sceneViewState":{"showFog":true,"showMaterialUpdate":false,"showSkybox":true,"showFlares":true,"showImageEffects":true,"showParticleSystems":true},"in2DMode":false,"pivot":{"x":-0.08039858937263489,"y":-0.8693082928657532,"z":3.909297227859497},"rotation":{"x":0.15446360409259797,"y":0.018329447135329248,"z":-0.0028654136694967748,"w":0.9878243207931519},"size":6.345235347747803,"orthographic":false}