{"cameraMode":{"drawMode":0,"name":"Shaded","section":"Shading Mode"},"sceneLighting":false,"audioPlay":false,"sceneViewState":{"showFog":true,"showMaterialUpdate":false,"showSkybox":true,"showFlares":true,"showImageEffects":true,"showParticleSystems":true},"in2DMode":false,"pivot":{"x":0.0,"y":4.139999866485596,"z":38.79999923706055},"rotation":{"x":-0.004820158239454031,"y":-0.9489914178848267,"z":0.014524525962769986,"w":-0.3149303197860718},"size":2.8578836917877199,"orthographic":false}