{"cameraMode":{"drawMode":0,"name":"Shaded","section":"Shading Mode"},"sceneLighting":false,"audioPlay":false,"sceneViewState":{"showFog":true,"showMaterialUpdate":false,"showSkybox":true,"showFlares":true,"showImageEffects":true,"showParticleSystems":true},"in2DMode":false,"pivot":{"x":0.2625202536582947,"y":3.74345064163208,"z":33.03992462158203},"rotation":{"x":0.03867284953594208,"y":0.030270691961050035,"z":-0.0011725749354809523,"w":0.9987926483154297},"size":8.515884399414063,"orthographic":false}