{"cameraMode":{"drawMode":0,"name":"Shaded","section":"Shading Mode"},"sceneLighting":false,"audioPlay":false,"sceneViewState":{"showFog":true,"showMaterialUpdate":false,"showSkybox":true,"showFlares":true,"showImageEffects":true,"showParticleSystems":true},"in2DMode":false,"pivot":{"x":1.1090484857559205,"y":0.8074860572814941,"z":5.846844673156738},"rotation":{"x":-0.1494809240102768,"y":-0.5645631551742554,"z":0.10484067350625992,"w":-0.8049424290657044},"size":1.4289515018463135,"orthographic":false}