{"cameraMode":{"drawMode":0,"name":"Shaded","section":"Shading Mode"},"sceneLighting":false,"audioPlay":false,"sceneViewState":{"showFog":true,"showMaterialUpdate":false,"showSkybox":true,"showFlares":true,"showImageEffects":true,"showParticleSystems":true},"in2DMode":false,"pivot":{"x":-0.18943145871162415,"y":4.158008098602295,"z":32.14593505859375},"rotation":{"x":-0.06229979544878006,"y":0.043993767350912097,"z":-0.002748366678133607,"w":-0.9970836639404297},"size":6.160259246826172,"orthographic":false}