{"cameraMode":{"drawMode":0,"name":"Shaded","section":"Shading Mode"},"sceneLighting":true,"audioPlay":false,"sceneViewState":{"showFog":true,"showMaterialUpdate":false,"showSkybox":true,"showFlares":true,"showImageEffects":true,"showParticleSystems":true},"in2DMode":false,"pivot":{"x":431.33782958984377,"y":158.4022979736328,"z":5.897005558013916},"rotation":{"x":0.16626054048538209,"y":0.18570028245449067,"z":-0.031897448003292087,"w":0.9679129123687744},"size":799.6961669921875,"orthographic":false}