{"cameraMode":{"drawMode":0,"name":"Shaded","section":"Shading Mode"},"sceneLighting":true,"audioPlay":false,"sceneViewState":{"showFog":true,"showMaterialUpdate":false,"showSkybox":true,"showFlares":true,"showImageEffects":true,"showParticleSystems":true},"in2DMode":false,"pivot":{"x":1.4643250703811646,"y":5.532848358154297,"z":12.340799331665039},"rotation":{"x":-0.06348703801631928,"y":-0.05171668529510498,"z":0.003294354770332575,"w":-0.9966363310813904},"size":14.839757919311524,"orthographic":false}